,word,context,label,is_equivalent
10,игра,"Режиссер Джереми Подесва (Jeremy Podeswa), который снимет два эпизода шестого сезона «Игры престолов», заявил, что создатели проекта пересмотрят подход к изображению сцен сексуального насилия. Об этом он сообщил на презентации Fox Studios в Сиднее, передает ABC News. Постановщик отметил, что в сериале, вероятно, будут меньше показывать жестокость, либо смягчат ее. По словам режиссера, такое решение последовало после жалобы одного из поклонников «Игры престолов», поступившей руководству канала HBO в 2014 году — он заявил, что сцена изнасилования Сансы Старк бастардом Рамси Болтоном в их первую брачную ночь показана чересчур жестоко (в пятом сезоне — прим. «Ленты.ру»). «Это были трудные съемки, мы знали, что бросаем вызов аудитории», — прокомментировал Подесва, который и снял вызвавший претензии эпизод. Тем не менее, утверждает постановщик, сценаристы не намерены идти на поводу у зрителей. «Они не хотят зависеть от критики, но принимают ее и обдумывают. Сериал изображает жестокий мир, где случаются ужасные вещи. Иногда иначе нельзя», — рассказал он. Шестой сезон «Игры престолов» стартует на HBO в апреле 2016 года. «Игра престолов» — драматический телесериал в жанре фэнтези, основанный на цикле романов Джорджа Р. Р. Мартина. Действие происходит в вымышленном мире, напоминающем европейское Средневековье. Сериал повествует о политической борьбе кланов и изобилует сценами насилия и эротики. Премьера первого сезона в США состоялась на канале HBO в апреле 2010 года.",2.0,0
11,игра,"Стивен Фрай признался в том, что за 15 лет пристрастия к кокаину он собрал целую коллекцию общественных мест, где употреблял наркотик. Список, как сообщает The Guardian, приводится в новой автобиографии актера More Fool Me, представленной публике в четверг, 25 сентября. По словам Фрая, он принимал кокаин в Букингемском дворце, в Палате общин и в Палате лордов, в Виндзорском замке и телецентре ВВС, штаб-квартире Британского независимого телевидения (ITV), офисах газет The Daily Telegraph и The Times, политического журнала The Spectator и глянца Tatler, в королевских резиденциях «Кларенс-хаус» и «Сандрингем», а также в бесчисленном множестве лондонских клубов. Во всем этом, правда, Фрай раскаялся, хотя и в юмористической форме. Он также извинился перед «всеми собственниками и пользователями всех перечисленных выше мест, а также перед сотнями частных домов, офисов, перед автомобильными торпедо, столами, каминными полками и иными доступными полированными поверхностями, которые с легкостью могли бы быть добавлены в этот позорный список». В книге Фрай признается в том, что впервые попробовал кокаин в 1986 году и с тех пор так к нему пристрастился, что не мыслил жизни без него. И предупреждает: «Я бы не рекомендовал кокаин даже своему худшему врагу». Стивен Фрай — британский актер и драматург. Известность ему принесли роли в комедийных сериалах, самым знаменитым из которых стал «Дживс и Вустер». Из недавних фильмов с его участием можно назвать «V — значит вендетта», «Алиса в Стране чудес», «Шерлок Холмс: Игра теней», «Хоббит: Пустошь Смауга». В Британии Стивен Фрай считается носителем эталонного английского произношения и духа.",2.0,0
12,игра,"Американский писатель Джордж Мартин назвал персонажа саги «Песнь льда и пламени», которого он бы воскресил в сериале «Игра престолов». Его слова передает портал Cinemablend. Мартин заявил, что в шоу необходимо вернуть леди Винтерфелла Кейтилин Старк, которая, по его словам, играет чрезвычайно важную роль в его книгах. «В моих произведениях персонажи могут воскреснуть. После того как Кейтилин возвращается в виде Бессердечной леди, она превращается в мстительного и безжалостного убийцу. Она присутствует в шестой книге и играет важную роль во всей саге», — объяснил он. Писатель подчеркнул, что если бы он мог повлиять на сценарий сериала, то вернул бы в него именно Кейтилин Старк. Леди Винтерфелла, жена Неда Старка, которую сыграла Мишель Файрли, погибла в третьем сезоне «Игры престолов». С 1996 года Мартин выпустил пять романов саги «Песнь льда и пламени». В июле он анонсировал две новые книги. Произведения американского писателя легли в основу сериала «Игра престолов». В феврале Мартин объявил, что не собирается выпускать шестую часть «Песни льда и пламени» в 2018 году, как планировалось ранее. Книга получит название «Ветра зимы».",2.0,0
13,игра,"Актриса Эмилия Кларк сделала новую татуировку в честь своей роли в культовом сериале «Игра престолов». Фотографию с наколкой «мать драконов» опубликовала в своем Instagram-аккаунте в четверг, 20 сентября. На правом запястье 31-летней актрисы появилось небольшое изображение с тремя летящими драконами. На снимке смеющаяся Кларк поднимает руку, чтобы продемонстрировать его поклонникам. «Dr. Woo удостоверился, чтобы мать никогда не забывала о своих малышах», — поблагодарила она лос-анджелесского тату-мастера в описании к посту. Фэнтезийный сериал «Игра престолов» выходит на канале HBO с 2011 года. Седьмой сезон завершился 28 августа 2017 года, его последний эпизод установил рекорд среди сериалов по просмотрам. Восьмая часть, съемки которой завершились в июле, станет финальной. В сентябре «Игра престолов» завоевала награду американской премии «Эмми» в номинации «Лучший драматический сериал». Сериал уже в третий раз обошел конкурентов в борьбе за главную номинацию. Всего «Игру престолов» академики отметили статуэтками «Эмми» более 130 раз.",2.0,0
14,игра,"Королева Елизавета II в ходе визита в Северную Ирландию побывала в печально знаменитой тюрьме Крамлин-роуд в Белфасте, сообщает The Guardian. Экскурсию для монарха провел лично первый замминистра региона — Мартин Макгиннесс, который в бытность свою членом Ирландской республиканской армии (ИРА) в 1976 году отсидел в камере этой тюрьмы более месяца. Сейчас в Крамлин-роуд находятся музей и завод по производству виски. Елизавета уже провела переговоры с Макгиннессом, первым министром Питером Робинсоном (отсидел в свое время в тюрьме за участие в демонстрациях против примирения с республиканцами) и министром по делам Северной Ирландии Терезой Виллерс. В программу вошло также посещение площадки, на которой снимается сериал «Игра престолов», приносящий Северной Ирландии немалый доход: с 2009 года, когда начались съемки, экономика региона получила от телеканала HBO более 149 миллионов долларов. Елизавете II показали знаменитый Железный трон, на котором восседают в сериале короли Семи королевств, но сесть на него королева отказалась. Прошлый визит британского монарха в Белфаст состоялся два года назад и закончился беспорядками, которые устроили как оранжисты, так и республиканцы: первые протестовали против встречи королевы с Макгиннессом, а вторые в очередной раз подтвердили, что их цель — присоединение Северной Ирландии к Ирландской Республике. Это была первая встреча Елизаветы с членами ИРА, бойцы которой вели многолетнюю войну против британских войск и даже убили кузена королевы лорда Луиса Маунтбеттена, подорвав его яхту.",2.0,0
15,игра,"Для обеспечения безопасности ответного матча 1/8 финала Кубка УЕФА между московским ЦСКА и белградским ""Партизаном"", который пройдет 17 марта в Краснодаре, выделено более трех тысяч сотрудников милиции общественной безопасности и привлечены более трех тысяч волонтеров, сообщает ""Интерфакс"". По словам заместителя начальника ГУВД Краснодарского края - начальника милиции общественной безопасности генерал-майора Бориса Глебова, милиция приложит все усилия, чтобы предотвратить инциденты и нарушения общественного порядка накануне и во время игры. Замначальника ГУВД призвал болельщиков прийти на стадион ""Кубань"" заранее, чтобы сотрудники милиции без задержек смогли организовать тщательный личный досмотр. Генерал-майор Глебов отметил также, что впервые в практике стадиона ""Кубань"" болельщикам будет разрешено проносить знамена с древками. Раньше такие флаги изымались милиционерами как ""потенциально колющее или метательное оружие"". На матче ожидается аншлаг. ""Кубань"" вмещает 29,5 тысяч человек. По данным пресс-службы стадиона, из Белграда должна прибыть фан-группа ""Партизана"" в количестве 700 человек.",1.0,1
16,игра,"ЦБ увеличил лимит на предоставление рублевой ликвидности с помощью операций «валютный своп» с двух до десяти миллиардов долларов в день в эквиваленте. Об этом говорится в сообщении регулятора. В ЦБ считают, что увеличение рублевого лимита по валютным свопам будет способствовать сближению межбанковских ставок с ключевой. Центробанк в ночь на 16 декабря повысил ключевую ставку сразу на 6,5 процентного пункта — с 10,5 до 17,0 процента годовых. В ноябре Банк России для стабилизации ситуации на валютном рынке принял решение о введении лимита на предоставление рублевой ликвидности с помощью операций «валютный своп». Величина лимита составила два миллиарда долларов в день в эквиваленте. Регулятор пояснял, что решение о введении лимита было принято в рамках более консервативного подхода к предоставлению рублевой ликвидности кредитным организациям, анонсированного 10 ноября. В случае спекулятивного давления на валютном рынке лимит на объем валютных свопов, наряду с другими мерами Банка России, позволит стабилизировать ситуацию. При этом в спокойных условиях решение регулятора не отразится на денежном рынке, поскольку операции по фиксированным ставкам, как правило, проводятся в небольших объемах, ведь их цель — ограничение колебаний рыночных процентных ставок, отмечал ЦБ в ноябре. Операции «валютный своп» проводятся Банком России по фиксированным ставкам на срок один день. Они являются операциями постоянного действия, предназначенными для ограничения колебаний процентных ставок денежного рынка. Глава ЦБ Эльвира Набиуллина заявила 10 ноября, что ЦБ временно ограничит предоставление рублевой ликвидности, потому что она используется не только для финансирования экономики, но и для «игры» на валютном рынке. При этом ЦБ отказывается от основных принципов к определению объемов предоставления рублевой ликвидности.",1.0,1
17,игра,"Официальный представитель МИД России Мария Захарова предложила компании «Би-би-си» снять новый фильм-расследование, который расскажет о том, почему Великобритания покровительствует российским гражданам, обвиняемым на родине в преступлениях. Ее слова в четверг, 18 февраля, приводит «Интерфакс». Захарова заявила, что в феврале власти Великобритании «решили укрыть в Соединенном Королевстве лиц, которые находятся в розыске и обвиняются в совершении на территории России преступлений различной степени тяжести». Решение об отказе в выдаче этих граждан принимала лично министр внутренних дел страны Тереза Мэй, утверждает представитель российского внешнеполитического ведомства. Фамилий россиян, которых не выдали МИД, Захарова не назвала. «Я думаю, что это вполне может быть сюжетом для нового фильма-расследования «Би-би-си». Почему те люди, которые обвиняются в экономических преступлениях, в мошенничестве, в том числе в особо крупных размерах, почему они становятся подданными Великобритании и почему такие высокопоставленные официальные лица, как министр внутренних дел, лично им покровительствуют?», — обратилась Захарова к журналистам. 25 января канал BBC One показал получасовой фильм «Тайные богатства Путина» (Putin's Secret Riches), снятый Ричардом Билтоном. В числе его собеседников был замминистра финансов США Адам Шубин (Adam J. Szubin). Американский чиновник обвинил президента России Владимира Путина в причастности к коррупции. Министр иностранных дел Сергей Лавров назвал беспардонными обвинения в адрес российского руководства. В Кремле заявление Шубина сочли возмутительными и оскорбительными. Пресс-секретарь президента Дмитрий Песков назвал все вопросы, поставленные в ленте, «чистым вымыслом». Он выразил уверенность, что последние события указывают на то, что в США началась подготовка к российской избирательной кампании. «Очернительная кампания началась. Налицо также активное использование темы Путина во внутриполитической электоральной игре в самих США», — сказал Песков.",1.0,0
18,игра,"В Китае приведен в исполнение смертный приговор, вынесенный в отношении жителя провинции Цзяньсу, напавшего 29 апреля на детский сад и ранившего несколько десятков человек, в том числе, 28 детей. Об этом 30 мая сообщает ""Синьхуа"". 47-летний Сюй Юйюань, вооруженный 20-сантиметровым ножом, напал на сотрудников и воспитанников детского сада в китайской провинции Цзяньсу утром 29 апреля, ранив, в общей сложности, 31 человека. Большинству детей в группе, на которую он напал, было по четыре года. Впоследствии пятеро жертв нападения были госпитализированы в критическом состоянии. 15 мая преступник был приговорен к смертной казни. На заседании по его делу присутствовали около 300 человек. Отвечая на вопрос о причинах своего поступка, Юйюань объяснил, что был сильно разозлен тем, что потерял работу, проиграл деньги в азартные игры, а также переживал сложный период в личной жизни. Ранее, 28 апреля в Китае по аналогичному делу был казнен еще один преступник. Бывший врач, в возрасте 41 года, после ссоры с подругой проник на территорию школы, где кинжалом убил восьмерых школьников в возрасте от 6 до 12 лет и серьезно ранил еще пятерых.",1.0,1
19,игра,"Главный тренер питерского футбольного клуба ""Зенит"" Лучано Спаллетти заявил, что он планирует оставить форварда Данко Лазовича пенальтистом команды, несмотря на промах с одиннадцатиметровой отметки в матче чемпионата России с пермским ""Амкаром"" (1:1). Спаллетти подчеркнул, что Лазович много забивал с пенальти и со штрафных в прошлых матчах, сообщает официальный сайт ""Зенита"". Тренер отметил, что в следующий раз Лазович будет бить пенальти, если он будет уверен, что может поразить ворота. Спаллетти выразил мнение, что при выполнении одиннадцатиметрового удара важнее не тренированность, а психологическая готовность. В матче с ""Амкаром"" счет на 23-й минуте открыли пермяки, а Лазович не реализовал пенальти в конце первого тайма. В составе ""Зенита"" на 52-й минуте отличился Александр Кержаков. После игры Лазович сказал, что он намерен на следующей тренировке ровно час отрабатывать удары с пенальти, а в случае, если он продолжит играть так же, как в матче с ""Амкаром"", команде стоит поменять пенальтиста. В чемпионате России сезона-2011/12 Лазович провел 18 матчей и забил девять мячей. Дважды форвард поразил ворота соперников с пенальти.",1.0,1
20,кисть,"У жительницы Хакасии Любови Лицегевич служба опеки изъяла семерых усыновленных детей из-за того, что волосы ее четырехлетнего сына посчитали слишком длинными для мальчика. Об этом в среду, 20 декабря, сообщает «Новая газета». По данным издания, в мае воспитательница детского сада, куда ходил мальчик, пожаловалась заведующей, что волосы ребенка выросли до поясницы. Та, в свою очередь, доложила об этом районному управлению образования. В конце лета комиссия по делам несовершеннолетних пришла к выводу, что Лицегевич наносит вред психологическому здоровью мальчика, и решила рассмотреть вопрос о прекращении опеки над ним. В итоге у женщины забрали семерых несовершеннолетних приемных детей, которых она усыновила в 2012-2015 годах. Газета пишет, что у Лицегевич возник конфликт с руководством детсада после того, как она не дала деньги на ремонт здания, а вместо этого купила краски и кисти. Также женщина на телевидении критиковала районные органы опеки из-за маленьких, по ее мнению, пособий. Отмечается, что 57-летняя Лицегевич воспитала родную дочь и 20 приемных детей. В сентябре у жительницы Екатеринбурга Юлии Савиновских отобрали приемных сыновей после того, как она удалила мешавшую ей большую грудь. Как рассказала Савиновских «Ленте.ру», органы опеки предоставили суду фальшивые, по ее утверждению, документы и справки о ее якобы психических отклонениях. Анкеты изъятых детей выставили на сайте «Усыновление в России».",4.0,0
21,кисть,"Сотрудники Государственного музея искусств Каракалпакстана (республики в составе Узбекистана) обнаружили, что в картине ""Туман на реке"" кисти русского художника Михаила Соколова под слоем краски есть еще одно изображение. Об этом сообщает ""Би-Би-Си"". Открытие, как рассказала директор музея Мариника Бабаназарова, было совершено случайно. Во время реставрационных работ специалисты заметили на кромке картины посторонние наслоения. Решено было сделать рентген, который подтвердил, что пейзаж был написан поверх портрета. Это портрет пожилого мужчины в высокой митре. Кто был автором портрета, пока неизвестно. Неясно также, почему Соколов написал картину поверх другой. В музее, как отмечается, решили сохранить верхний слой картины. В настоящее время работа выставлена в постоянной экспозиции. Музей в Каракалпакстане был основан советским художником и искусствоведом Игорем Савицким. Собранная им коллекция стала основой этого музея. В коллекцию, как отмечает ""Би-Би-Си"", вошли 18 картин и более 280 графических произведений Михаила Соколова. Период творчества Михаила Соколова пришелся на первые десятилетия XX века. Он писал портреты, пейзажи (создал, в частности, серию ""Уходящая Москва""), иллюстрировал литературные произведения. В 1938 году был арестован по обвинению в ""контрреволюционной деятельности"" и приговорен к семи годам исправительно-трудовых лагерей. В 1958 году был посмертно реабилитирован.",4.0,0
22,кисть,"Писатель Владимир Сорокин стал лауреатом литературной премии «НОС». Его наградили за роман «Манарага». Победителей объявили на торжественной церемонии в «Гоголь-центре» в понедельник, 5 февраля, сообщает корреспондент «Ленты.ру». Победитель получает награду в размере 700 000 рублей и статуэтку. Лауреатом жюри критического сообщества стал Алексей Сальников. Судьи отметили его роман «Петровы в гриппе и вокруг него». «Приз критического сообщества» — новая номинация «НОСа», победителя в ней определяют профессиональные литературные критики. Среди них — обозреватель «Ленты.ру» Наталья Кочеткова. Шорт-лист был обнародован 3 ноября. В него вошли, кроме «Манараги» и «Петровых», еще восемь книг: «В Советском Союзе не было аддерола» Ольги Брейнингер, «Жития убиенных художников» Александра Бренера, «Текст» Дмитрия Глуховского, «Заххок» Владимира Медведева, «Иван Ауслендер» Германа Садулаева, «Белая кисть» Станислава Снытко, «Иншалла. Чеченский дневник» Анны Тугаревой и «Головастик и святые» Андрея Филимонова. Жюри премии возглавлял режиссер Константин Богомолов, кроме него, в состав жюри входили переводчик прозы и драматургии Агнешка Любомира Пиотровска, художник и режиссер Вера Мартынов, руководитель Фонда «Устная история» Дмитрий Споров, автор, режиссер и продюсер Рома Либеров. Экспертами премии выступили литературный критик Анна Наринская, доктор филологических наук, историк культуры Константин Богданов, поэт, переводчик и критик Лев Оборин. В декабре 2017 года Владимир Сорокин специально для «Ленты.ру» написал рассказ «Белый квадрат». Текст посвящен режиссеру Кириллу Серебренникову, который в настоящий момент находится под домашним арестом в связи с обвинениями в мошенничестве.",4.0,1
23,кисть,"Фонд Михаила Прохорова объявил шорт-лист ежегодной литературной премии «НОС». Об этом стало известно из пресс-релиза, присланного в редакцию «Ленты.ру». Члены жюри конкурса в ходе публичных дебатов на XI Красноярской ярмарке книжной культуры включили в короткий список номинантов 10 книг: 1. Ольга Брейнингер «В Советском Союзе не было аддерола»;2. Александр Бренер «Жития убиенных художников»;3. Дмитрий Глуховский «Текст»;4. Владимир Медведев «Заххок»;5. Герман Садулаев «Иван Ауслендер»;6. Алексей Сальников «Петровы в гриппе и вокруг него»;7. Владимир Сорокин «Манарага»;8. Станислав Снытко «Белая кисть»;9. Анна Тугарева «Иншалла. Чеченский дневник»;10. Андрей Филимонов «Головастик и святые». Жюри премии 2017 года возглавляет режиссер Константин Богомолов, кроме него, в состав жюри входят переводчик прозы и драматургии Агнешка Любомира Пиотровска, художник и режиссер Вера Мартынов, руководитель Фонда «Устная история» Дмитрий Споров, автор, режиссер и продюсер Рома Либеров. Эксперты премии: литературный критик Анна Наринская, доктор филологических наук, историк культуры Константин Богданов, поэт, переводчик и критик Лев Оборин. Итоговые дебаты, на которых назовут имя лауреата и победителя читательского голосования, пройдут в Москве 5 февраля 2018 года. В 2017 году у премии «НОС» появилась новая номинация — «Приз критического сообщества», победителя в которой определяют профессиональные литературные критики. Среди них — обозреватель «Ленты.ру» Наталья Кочеткова. Победитель Премии получает награду в размере 700 000 рублей и статуэтку-символ премии. «Приз читательских симпатий» вручается автору произведения по результатам голосования в Интернете и/или телепередаче и составляет 200 000 рублей. «Приз критического сообщества» вручается автору произведения по итогам выбора профессиональных критиков и составляет также 200 000 рублей.",4.0,1
24,кисть,"В инновационном центре «Сколково»состоялась открытая тренировка российской команды, отправляющейся на Кибатлон (Cybathlon) — первые в истории международные соревнования людей с ограниченными возможностями, использующих высокотехнологичные ассистивные устройства. Об этом сообщается в пресс-релизе, поступившем в редакцию «Ленты.ру». Команда Stradivary (компания «Моторика») продемонстрировала отечественный биоэлектрический протез кисти Stradivary, способный выполнять до 6 различных хватов — движений пальцев — и стоящий в разы дешевле зарубежных аналогов. Команда Kleiber (компания «Клайбер Бионикс») показала многофункциональный бионический протез руки Kleiber Solo, состоящий из пяти роботизированных пальцев, способных двигаться отдельно и контролировать степень сжатия каждого пальца. Команда ORTOKOSMOS (компания «Орто-Космос») продемонстировала протез METIZ HYPERKNEE с инновационной разработкой гидравлического коленного шарнира. В свою очередь, команда Neurobotics (компания «Нейроботикс») испытала собственную разработку интерфейса «мозг-компьютер», позволяющую обрабатывать электрические сигналы с коры головного мозга и распознавать до 8 отдельных команд в реальном времени, что выводит ее на конкурентный уровень с мировыми аналогами. «За последние 25 лет нейрофизиология сделала огромный скачок, в том числе и в ее медицинском применении. Когда мы говорим о развитии знаний в этих областях, невозможно констатировать, что мы достигли какого-то предела. Это дорога без финиша. На мой взгляд, участие в международных соревнованиях чрезвычайно ценно», — заявил исполнительный директор, член правления РВК Александр Потапов. Соревнования пройдут 8 октября в швейцарском Цюрихе.",6.0,0
25,кисть,"Палестинский юноша получил ранения средней тяжести в результате преждевременного взрыва бомбы, которую он, очевидно, изготовлял. Об этом сообщает Jerusalem Post со ссылкой на израильское армейское радио. По данным интернет-издания MIGnews.com, 15-летний палестинец собирался совершить теракт в районе расположения армейских частей ЦАХАЛа в Хевроне. Раненый подросток добрался до пропускного пункта Гуш Эцион (Gush Etzion) на Западном берегу, откуда его перевезли в военный госпиталь в Иерусалиме. MIGnews.com добавляет, что, по данным врачей, юноша получил сильные ожоги лица и серьезно повредил кисти рук.",6.0,0
26,кисть,"Житель американского штата Огайо Роман Антвуд инсценировал смерть своего трехлетнего сына в мотоаварии, чтобы напугать мать ребенка и снять розыгрыш на видео, сообщает Daily Mail Online. Известный на YouTube 32-летний комедиант заранее подготовил квадроцикл на пульте управления, взрывное устройство и куклу, одетую в точности как его сын. После того как Антвуд и его супруга посадили мальчика на квадроцикл, шутник отвлек внимание матери и заменил сына на манекен. Радиоуправляемая машина тронулась с места, на большой скорости подлетела на трамплине и исчезла из виду, после чего раздался взрыв, пламя от которого поднялось на девять метров вверх. Видео взрыва и реакцию матери американец опубликовал на своем канале на YouTube. За два дня ролик Blowing up my kid PRANK!! набрал больше 4,5 миллиона просмотров. Видео лайкнули 467,5 тысячи пользователей, между тем 9,6 тысячи не одобрили такой розыгрыш. В июле 2015 года американский актер Дуэйн «Скала» Джонсон разыграл своих подписчиков в Instagram, выложив видео с переломленной кистью и выгнутым пальцем руки.",6.0,0
27,кисть,"Создатель сервиса Instapainting Крис Чен создал робота, с помощью которого пользователи стримингового сервиса Twitch могут коллективно рисовать картины, передает портал Endgadget. Юзеры вводят в чате приложения команды, задавая цвет краски и направление, в котором будет двигаться кисть, а машина обрабатывает их запросы и выдает результат. Происходящее транслируется в реальном времени. По словам Чена, робот обошелся ему в примерно 200 долларов. В ходе первого теста машина записала движения руки художника, который рисовал картину, а затем воспроизвела их, создав копию оригинальной работы. Чен рассказал, что вдохновился экспериментом под названием «Twitch играет в Pokemon», в ходе которого пользователи сервиса коллективно проходят выпуски ролевой игры Pokemon. Эксперимент стартовал в феврале 2014 года, спустя 16 дней участники общими силами прошли первую выбранную организаторами игру — Pokemon Red. Согласно подсчетам, в эксперименте приняли участие более 1,1 миллиона человек, на пике к трансляции подключились 121 тысяча человек одновременно. Twitch был приобретен Amazon в 2014 году за 970 миллионов долларов. Ежемесячная аудитория cервиса превышает 100 миллионов человек. Иногда его используют как площадку для анонсов видеоигр. Так, на канале Microsoft в Twitch показали еще не выпущенную в то время версию многопользовательского танкового экшена World of Tanks для Xbox 360.",6.0,1
28,кисть,"Житель американского города Вест-Бенд, штат Висконсин, остался без рук и ног из-за собачьих бактерий. Об этом сообщает Fox 29. 48-летний Грег Мантейфель (Greg Manteufel) попал в больницу в июне. Первоначально врачи полагали, что он болен гриппом. Затем у него в крови нашли бактерии рода Capnocytophaga, которые встречаются в слюне собак и могут попасть в организм человека после укуса или в случае плотного контакта с инфицированным псом. Что именно привело к заражению, не уточняется, однако известно, что Мантейфель всю жизнь имел дело с собаками. По словам жены, он был полностью покрыт синяками. «Выглядело так, будто кто-то избил его бейсбольной битой», — утверждает она. Инфекция привела к уменьшению кровяного давления в организме мужчины. Из-за плохого кровоснабжения конечностей ткани стали отмирать, началась гангрена. Через неделю ноги пришлось ампутировать. Затем Мантейфель частично лишился кистей рук. Это не остановило гангрену, поэтому понадобилась новая операция, во время которой ему удалили руки до середины предплечья. В результате заражения пострадали и другие органы. Врачи полагают, что мужчине потребуется пластическая операция для восстановления носа. Бактерии рода Capnocytophaga представляют особую опасность для людей с ослабленной иммунной системой. «Эта инфекция в его крови вызвала исключительно сильную реакцию в его организме, — говорит специалист по инфекционным болезням Сильвия Мунос-Прайс (Silvia Munoz-Price). — 99 процентов людей, у которых есть собаки, никогда не сталкиваются с такой проблемой. Это чистая случайность». В июле сообщалось, что запущенная язва на месте пореза довела жительницу британского города Бристен до ампутации ноги. Инфицированное место отекло, что затруднило кровоснабжение и привело к гангрене.",6.0,0
29,ключ,"Главный военный прокурор Украины Анатолий Матиос сообщил, что у экс-бойцов расформированного за мародерство батальона «Торнадо», устроивших бунт в Лукьяновском СИЗО Киева, были ключи от камер. Об этом он сообщил в эфире телеканала «112 Украина». «У всех ""торнадовцов"" были магнитные карточки, которые позволяли им выйти на улицу. Не только ключи, а магнитные карточки… На улицу Дегтяревскую. Когда мы попытались [пройти при помощи карточек] — все двери открывались, все вышли», — сказал Матиос. По словам прокурора, за полтора года в камере, в которой содержались бывшие бойцы «Торнадо», не было проведено ни одного обыска, хотя по правилам их необходимо проводить раз в неделю. Матиос добавил, что после задержания «торнадовцев» в их камерах обнаружили 142 телефона. Бунт «торнадовцов» произошел 9 августа. При попытке этапировать их из СИЗО заключенные оказали сопротивление и забаррикадировались в камерах. Они использовали самодельные гранаты, а также угрожали поджечь сотрудника правоохранительных органов. Спецназ подавил бунт и разоружил «торнадовцов». Добровольческий батальон «Торнадо» в составе МВД Украины создали в октябре 2014 года на базе ранее расформированного за мародерство батальона «Шахтерск». В июне 2015 года глава МВД Арсен Аваков расформировал и этот батальон. В апреле 2017 года восемь бывших бойцов подразделения приговорили к тюремному заключению за изнасилование, мародерство, истязание и похищение.",8.0,1
30,ключ,"Советник главы МВД Украины Антон Геращенко обвинил журналиста Анатолия Шария в организации финансирования международного терроризма на своей странице в Facebook. «По итогам обнародования итогов спецоперации ""Разводной ключ"", тов Шарию собрать вещи и приготовиться переезду на ПМЖ в Российскую Федерацию до момента ареста и выдаче Украине за организацию финансирования международного терроризма», — написал Геращенко. В записи на Facebook советник главы МВД пояснил, что задачей проведенной правоохранительными органами информационной спецоперации «Разводной ключ» было собрать деньги, которые предназначались для финансирования терроризма и перенаправить их на укрепление материальной базы вооруженных сил Украины. Сам Шарий назвал обвинения Геращенко «абсолютным маразмом и идиотизмом». «Это, в первую очередь, удар по самому Геращенко, которого все воспринимают не иначе как инернет-тролля. Цель такого выпада — привлечение публичного внимания. Причем подобное обращение с информацией нанесет гораздо больший ущерб самому советнику главы МВД, нежели мне», — заявил Шарий «Ленте.ру». Ранее он подтвердил радиостанции РСН, что у него действительно есть счета в Европе, но, по его утверждению, он не может с их помощью ни перечислять средства на Украину, ни получать деньги оттуда. По мнению Шария, его «выдавливают в Россию». Журналист утверждает, что после убийства Олеся Бузины, он получил в интернете тысячи угроз. Последние несколько лет Шарий живет в Европе и ведет канал на YouTube, разоблачающий фейки в украинских СМИ. На Украине против Шария заведены несколько уголовных дел. В феврале 2012 года он был объявлен во всеукраинский розыск. В 2013 году он был задержан в Нидерландах по запросу украинских властей, однако суд страны отказал Украине в экстрадиции Шария. Прежде Шарий был известен как автор громких журналистских расследований. Наиболее резонансные из них посвящены теме борьбы с организованной преступностью на Украине. По итогам его расследования о «крышевании» наркоторговли Управлением по борьбе с незаконным оборотом наркотиков были уволены несколько высокопоставленных офицеров МВД. Также широко известны расследования Шария о причастности МВД к покрыванию нелегальных казино в Киеве.",8.0,0
31,ключ,"В Болгарии жестоко расправились с тележурналисткой Викторией Мариновой. Об этом сообщили в прокуратуре, передает The Telegraph. Тело 30-летней женщины нашли 6 октября в парке в городе Русе. По данным властей, смерть наступила в результате ударов по голове и удушения. Министр внутренних дел Болгарии Младен Маринов сообщил, что женщину изнасиловали. «У нее отсутствовали мобильный телефон, ключи от машины, очки и часть одежды», — рассказал местный прокурор Георгий Георгиев. По его словам, рассматриваются все варианты произошедшего, как связанные с личной жизнью, так и с работой Мариновой. По данным премьер-министра Бойко Борисова, на месте удалось собрать большое количество ДНК-материала, что должно привести к скорой поимке преступника. Маринова занимала пост административного директора частного телеканала TVN. В сентябре она запустила на нем собственное ток-шоу «Детектор». Его первый выпуск вышел в эфир 30 сентября. Передача была посвящена расследованию возможного мошенничества с фондами ЕС, в котором могут быть замешаны известные бизнесмены и политики. В феврале в Словакии были убиты 27-летний журналист Ян Куцияк и его подруга. Тела с огнестрельными ранениями обнаружили в их доме недалеко от Братиславы. Сообщалось, что молодой человек вел расследование возможных связей словацких политиков и итальянской мафии. В полиции заявляли, что убийство может быть связано с его журналистской деятельностью.",8.0,1
32,ключ,"В Пекине 13-летний мальчик угнал автобус, сообщает 23 февраля агентство Associated Press. Подросток завел припаркованный на стоянке рейсовый автобус без ключа, замкнув провода, и поехал кататься по улицам. В процессе катания он врезался в десятки автомобилей. Сбив две машины, подросток попытался скрыться и въехал на стоянку. По свидетельствам очевидцев, автобус раздвигал припаркованные машины, словно бульдозер. В результате аварий никто не пострадал. Имя мальчика не называется. Неизвестно, был ли он взят под стражу. В настоящее время полиция пытается связаться с родителями или опекунами юного правонарушителя.",8.0,1
33,ключ,"Украина заблокировала подписание соглашения об ассоциации с Евросоюзом. Об этом говорится в открытом письме, опубликованном 4 марта в газете The New York Times. Его авторами значатся министры иностранных дел Швеции (Карл Бильдт), Великобритании (Уильям Хейг), Чехии (Карел Шварценберг), Польши (Радослав Сикорский) и Германии (Гидо Вестервелле). Статья написана к пятой годовщине начала переговоров между Брюсселем и Киевом по поводу соглашения, которое, в частности, предусматривает создание между Украиной и ЕС зоны свободной торговли, а также упрощает визовый режим. Политики отмечают, что документ уже мог быть подписан и ратифицирован, а стороны могли бы ""праздновать"" сближение Украины с Европой. ""Вместо этого мы переходим на новый этап слишком долгого и мучительного пути"", - сказано в письме. Главы европейских внешнеполитических ведомств подчеркивают, что не могут скрывать растущего беспокойства по поводу состояния демократии на Украине. Министры, в частности, отмечают, что от независимых СМИ и общественных организаций республики поступают сигналы о давлении со стороны власти, а судебные процессы над оппозиционными политиками, в том числе бывшим премьером Юлией Тимошенко и экс-главой МВД Юрием Луценко, ""имеют признаки политически мотивированного и избирательного правосудия"". ""Было бы справедливо сказать, что соглашение об ассоциации бросили в тюрьму, и украинская власть держит ключ от нее"", - заключают европейские министры. Европейские парламентарии и дипломаты не раз критиковали украинские власти в связи с процессами над Тимошенко и Луценко. На неофициальном уровне высказывалось мнение, что решения по уголовным делам отношении экс-премьера и экс-главы МВД могут сказаться на переговорах по соглашению об ассоциации. Однако 19 декабря 2011 года на саммите Украина-ЕС было объявлено об успешном их завершении (это произошло за несколько дней до того, как Апелляционный суд Киева отклонил жалобу Юлии Тимошенко на приговор, по которому она получила семь лет тюрьмы). Впрочем, сам документ тогда подписан не был. 27 февраля, европейский комиссар по вопросам расширения и европейской политики соседства Штефан Фюле заявил, что соглашение об ассоциации Украина-ЕС будет парафировано в течение месяца, а его подписание состоится ""где-то осенью, если ситуация на Украине изменится"".",8.0,0
34,ключ,"Биологи из Шанхайского университета Джао Тонг нашли ключ к эффективной борьбе с перхотью. Согласно их исследованию, перхоть появляется из-за нарушений состава микробов, которые обитают на коже головы. Увеличение количества пропионибактерий способствуют улучшению состояния кожи и исчезновению болезни. Исследование опубликовано в журнале Scientific Reports. Изначально считалось, что перхоть вызывают микроскопические грибы — дрожжи Malassezia. Они поедают кожное сало, которое выделяется сальными железами, и производят олеиновую кислоту. Последняя раздражает кожу головы, что может приводит к повышенному отслоению отмерших клеток и появлению перхоти. Однако те же самые организмы были найдены у людей без перхоти, поэтому ученые предположили, что шелушение кожи могут вызвать другие причины. В исследованиях приняли участие 59 человек в возрасте от 18 до 60 лет. Ученые взяли образцы перхоти с их голов, а также изучили состав микробов и грибов. Оказалось, что выделение кожного сала достигало пика в возрасте 15-35 лет, а затем понижалось. Вместе с этим люди старшего возраста в большей степени страдали от перхоти. Исследователи выяснили, что основным фактором кожного заболевания являются не грибы, а сообщество бактерий. Самыми распространенными бактериями, живущими на коже головы являются Propionibacterium и Staphylococcus. У здоровых людей преобладает Propionibacterium, доля которой среди других микроорганизмов составляет 71 процент. Бактериям Staphylococcus остается только 26 процентов. Однако у людей с перхотью ситуация меняется: доля стафилококков вырастает до 44 процентов. Кожное сало способствует росту пропионибактерий, однако в его отсутствие повышается влажность кожи головы, что благоприятствует Staphylococcus. Все это указывает на то, что создание хорошей среды для Propionibacterium может быть подходящим средством против перхоти. Например, можно разработать гели с питательными веществами для пропионибактерий. Таким средством могут служить и специальные йогурты, которые содержат Propionibacterium. Похожие препараты применялись в больницах США, чтобы защитить кожу пациентов от попадания на нее золотистого стафилококка, обладающего устойчивостью к антибиотикам.",15.0,1
35,ключ,"Капитан сборной России по футболу Андрей Аршавин заявил, что ключом к победе над Словенией в борьбе за выход в финальную стадию чемпионата мира по футболу 2010 года станут характер и командная игра. Аршавин считает, что в ответном стыковом матче россиянам надо сыграть строго и дисциплинированно, пишет издание ""Спорт-Экспресс"". Российский нападающий считает, что словенцы, несмотря на то, что им необходимо побеждать, вряд ли пойдут вперед. По словам Аршавина, они будут подкарауливать свои моменты, а задача игроков сборной России - свести количество таких моментов к минимуму. В то же время, капитан российской сборной подчеркнул, что его команде нельзя играть на удержание счета, поскольку такие действия ей противопоказаны. Аршавин считает, что сборная России должна играть в свой футбол и попытаться забить гол. Ответный стыковой матч за выход на ЧМ-2010 между сборными Словении и России состоится 18 ноября в Мариборе. Игра начнется в 22:45 по московскому времени и будет показана в прямом эфире на Первом канале. Первый матч в Москве завершился победой россиян со счетом 2:1.",15.0,1
36,ключ,"Госдеп США не знает, сколько российских военнослужащих может находиться на территории Украины. Об этом, как сообщает РИА Новости, заявила в среду, 21 января, официальный представитель американского внешнеполитического ведомства Джен Псаки. «У меня нет подтверждений конкретной цифры», — сказала Псаки, комментируя заявление украинского президента Петра Порошенко о том, что в его стране якобы находится девять тысяч российских военных. Представитель Госдепа отметила, что видела сообщения о том, что Россия якобы отправила на Украину два тактических батальона, однако признала, что подтверждения этой информации у нее нет. Псаки также отметила, что уровень насилия на востоке Украины вырос. Ответственность за это дипломат возложила на ополчение, которое она обвинила в «захвате новых территорий». Ранее в среду Порошенко заявил на Всемирном экономическом форуме в Давосе, что на востоке Украины находятся более девяти тысяч российских военных, оказывающих поддержку ополченцам самопровозглашенных Донецкой и Луганской народных республик. В ходе выступления президент Украины подчеркнул, что конфликт на востоке страны не имеет военного решения. При этом, по его словам, ключом к миру является именно Россия, которая должна «вывести войска и закрыть границу».",15.0,1
37,ключ,"Биологи из Гарвардского университета объяснили, как головоногие моллюски (Cephalopoda) могут успешно маскироваться под цвета окружающей среды, несмотря на черно-белое зрение. Ключом к решению этой загадки оказалась хроматическая аберрация. Статья опубликована в журнале Proceedings of the National Academy of Sciences. Исследователи написали алгоритм, благодаря которому им удалось проверить, способна ли сетчатка глаз каракатиц и осьминогов, перемещаясь взад и вперед, получать отдельные контрастные изображения окружающей среды. Таким образом, с помощью компьютерного моделирования ученые выяснили, что моллюски могут регулировать фокусировку своих глаз, распознавая свет с различной длиной волны. Это значит, что цефалоподы могут единовременно разглядеть только предметы одного цвета, когда другие находятся не в фокусе. Возможно, такой зрительный механизм позволяет мозгу головоногих различать цвета, несмотря на отсутствие в глазах специальных светочувствительных пигментов. Полученные результаты не являются исчерпывающим объяснением, каким образом головоногие видят цвета. Однако биологи считают, что их исследование позволит в будущем ответить на вопрос, как эти моллюски стали мастерами маскировки. Кроме того, по словам ученых, совершенно другие принципы зрительной системы цефалоподов лишний раз доказывают, что их глаза эволюционировали не так, как у позвоночных, в том числе человека. Хроматическая аберрация происходит из-за того, что лучи света с разными длинами волн по-разному преломляются линзами, и из-за этого для них возникают различные фокусные расстояния. В результате может снижаться четкость изображения в биноклях, телескопах и других оптических системах, а также возникают цветные полосы и пятна.",15.0,1
38,ключ,"С 17 июля сетях кинотеатров ""Империя кино"", ""Формула кино"" и ""Каро Фильм"" начинается показ комедийного боевика ""Пуленепробиваемый""(Bulletproof Monk). Фильм снял режиссер Пол Хантер - это его дебют в игровом кино. В картине рассказывается о тибетском монахе, который 60 лет оберегает таинственный свиток, дающий власть над миром. Приходит срок, когда хранитель должен найти себе преемника. Но пророчества указывают, что свиток должен принять мелкий нью-йоркский воришка. Главные роли в фильме исполнили Чоу Юн-Фат(Chow Yun-Fat) и Шон Уильям Скотт(Seann William Scott). Шестьдесят лет назад молодой монах (Юн-Фат) был посвящен в хранители древнего свитка , который является ключом к безграничному могуществу. И в тот самый момент, когда церемония передачи реликвии подошла к концу, к тибетскому монастырю подобрался взвод фашистках оккупантов. Командовал немцами офицер-маньяк, мечтающий о власти над миром. Перебив всех монахов, солдаты врываются в монастырь, но новоиспеченного хранителя не зря так долго обучали боевым искусствам - он одной левой расшвыривает всех фашистов и исчезает в бездонной пропасти. В наши дни в нью-йоркском метро промышляет молодой обаятельный воришка. Но полиция вычисляет преступника и ему приходится спасаться бегством. Тут-то его пути и пересекаются с хранителем свитка, который, в свою очередь, тоже убегает от группы преследователей. И, к своему удивлению, монах понимает, что древние пророчества указывают на мелкого жулика, как на его преемника. Теперь хранителю предстоит проверить, совпадают ли другие предсказания, и заодно научить оболтуса уму-разуму. Правда, делать это приходится в постоянных схватках с бандитами, которыми руководит тот самый маньяк, который так и не отказался от мечты властвовать миром. Режиссер Пол Хантер стал известен благодаря музыкальным клипам и рекламным роликам. Его услугами пользовались Дженифер Лопес, Ленни Кравиц, Кристина Агилера, Эминем, Уилл Смит и другие. За ролик для компании Nike он был награжден премией ""Эмми"". Работая в малом жанре, Хантер набил руку в применении спецэффектов и в энергичном монтаже, так что к переходу в большое кино режиссер был готов. Главное в ""Пуленепробиваемом"" - хороший юмор, легкий налет мистики и много впечатляющих драк. Так что фильм должен понравиться и любителям комедий, и поклонникам восточных единоборств. Ну а блистательный Чоу Юн-Фат, который способен любой эпизод сделать элегантным, полюбится всем категориям зрителей.",15.0,1
39,мера,"Вашингтон введет новые пошлины на товары из Китая на сумму в 200 миллиардов долларов. Об этом сообщил торговый представитель США Роберт Лайтхайзер, передает Reuters. По его словам, пошлины распространятся еще на 10 процентов ввозимой из Поднебесной продукции. Новые тарифы коснутся тысяч наименований товаров китайского экспорта, таких, как продукты питания, табак, химические товары, уголь, сталь, алюминий, автомобильные покрышки, мебель, изделия из дерева, корма для животных, ковры, велосипеды и другие, вплоть до туалетной бумаги. В администрации президента пояснили, что пошли на такой шаг после того, как стороны не смогли  достичь соглашения по существующим торговым спорам. Председатель Комитета по финансам Сената США Оррин Хэтч оперативно прокомментировал агентству угрозы Вашингтона, назвав планы введения дополнительных пошлин «опрометчивыми». 6 июля вступило в силу решение президента США Дональда Трампа о введении пошлин в размере 25 процентов на импортируемые из Китая товары. Пекин в свою очередь обвинил Вашингтон в развязывании крупнейшей торговой войны в истории, а также нарушении правил Всемирной торговой организации (ВТО). Китайская сторона также заявила, что контрмеры в отношении США уже начали действовать. Отношения Вашингтона и Пекина обострились в 2018 году после того, как США заявили о введении протекционистских мер, коснувшихся товаров из Китая. Одной из причин ограничений стал высокий уровень торгового дефицита. В ответ Китай принял меры в отношении импорта из США, что вызвало недовольство в Вашингтоне.",14.0,0
40,мера,"Все российские вице-премьеры, кроме министра финансов Алексея Кудрина, проведут на следующей неделе бюджетные совещания в регионах. Об этом пишут ""Ведомости"" со ссылкой на свои источники в правительстве. Соответствующие поручения своим заместителям дал премьер-министр Владимир Путин.
 В частности, Игорь Шувалов отправится на Дальний Восток, Виктор Зубков - в Сибирь, Игорь Сечин - на Северо-Запад, Сергей Собянин - на Урал, Александр Жуков будет пребывать в Центральном округе, Сергей Иванов - в Приволжском, а Дмитрий Козак - в Южном.
 Высшие чиновники будут обсуждать с руководством областей изменения в межбюджетных отношениях. Так, регионы будут лишены 5 процентов от налога на добычу полезных ископаемых (НДПИ).  В качестве компенсации субъекты федерации получат дополнительные доходы от акцизов, транспортного налога и госпошлин.
 Кроме того, региональным и муниципальным властям в качестве одной из антикризисных мер предлагается сократить расходы на собственное содержание и финансировать строительство только объектов с высокой степенью готовности.
 При этом консолидированный бюджет регионов России по-прежнему выполняется с профицитом, который за полгода составил чуть меньше 100 миллиардов рублей. Этот профицит, однако, в 4,7 раза меньше прошлогоднего показателя.
 Федеральный бюджет, напомним, сверстан с дефицитом, который составит в 2009 году 7,4 процента от ВВП страны. В первом квартале 2009 года консолидированный бюджет России был исполнен с профицитом в 226,4 миллиарда рублей.",14.0,0
41,мера,"Шведское правительство, столкнувшееся с необходимостью размещения рекордного количества беженцев, временно вводит пограничный контроль. Об этом сообщает Reuters. Как отмечается, это решение отражает опасения шведских властей, что они достигли предела своих возможностей по приему лиц, ищущих убежища. По прогнозам, в этом году в страну прибудут до 190 тысяч человек, что в два раза больше предыдущего рекорда, начиная с начала 1990-х годов. Министр внутренних дел Швеции Андерс Игеман (Anders Ygeman) заявил, что страна «взяла на себя большую ответственность за кризис беженцев». По его словам, для того чтобы справиться с этим вызовом, другие страны также должны взять на себя ответственность. В настоящее время Швеция принимает больше беженцев на душу населения, чем какая-либо другая страна Евросоюза. Министр уточнил, что контроль прежде всего будет осуществляться на мосту через пролив Эресунн, разделяющей Швецию и Данию, а также в портах, куда прибывают паромы. Новые меры будут действовать на протяжении 10 дней начиная с четверга, и их действие может быть продлено на 20-дневный период. Правительство на прошлой неделе предупредило, что больше не в состоянии гарантировать поиск жилища для вновь прибывших беженцев. Агентство по миграции уже планирует размещать тысячи беженцев в отапливаемых палатках из-за нехватки жилья, некоторым может быть предоставлено место на горнолыжных курортах и в тематическом парке. Агентство ООН по делам беженцев на прошлой неделе заявило, что беженцы и мигранты, скорее всего, продолжат прибывать через Турцию в Европу этой зимой, их количество составит до 5 тысяч в день. В 2015 году в ЕС разразился кризис из-за наплыва беженцев. Больше всего мигрантов в страны Европы прибывают из Сирии, где с 2011 года идет гражданская война. С момента ее начала более 507 тысяч сирийцев обратились с просьбой о предоставлении убежища в европейских странах.",14.0,0
42,мера,"Россия не будет отдавать предпочтения в сотрудничестве ни Евросоюзу, ни странам Азии. Об этом заявил российский министр иностранных дел Сергей Лавров, выступая в четверг, 1 сентября, перед студентами и преподавателями МГИМО, сообщает ТАСС. «Мы не будем шарахаться ни в одну сторону. Мы евразийская держава, так распорядилась история, так распорядилась природа, так распорядились, прежде всего, наши великие предки, поэтому мы должны (...) работать на всех направлениях», — отметил министр. Глава МИД отметил, что в мире появляются новые влиятельные экономические и политические центры. «Это прежде всего наблюдается в Азиатско-Тихоокеанском регионе, который стал и еще долго будет оставаться локомотивом мирового экономического развития. И это все происходит на фоне того, что наш крупнейший торговый партнер — Евросоюз, и он таковым остается, несмотря на кризис, несмотря на санкции», — добавил Лавров. 1 сентября 2015 года, выступая с традиционным обращением к учащимся МГИМО, Сергей Лавров назвал  введение антироссийских ограничительных мер «вывертами западных партнеров». «Мы на тему санкций внимание обращаем только с точки зрения того, чтобы мы были внутри страны готовы к подобного рода вывертам наших западных партнеров и не зависели от них в тех областях, которые жизненно важны для нашей страны, для наших граждан», — сообщил министр. Антироссийские санкции со стороны Европейского союза, США и ряда других стран были введены в связи с обострением ситуации на юго-востоке Украины и вхождением Крыма в состав России в 2014 году. Меры затронули энергетический, оборонный и финансовый секторы.",14.0,0
43,мера,"Полиция в Афинах применила слезоточивый газ для разгона демонстраций в день общенациональной забастовки, сообщает BBC News. Полицейские применили газ в ответ на камни и бутылки с зажигательной смесью, которые пустили в ход участники забастовки. Столкновение демонстрантов и полиции произошло около здания парламента Греции, где собрались на митинг около 30 тысяч человек (по сведениям организаторов митингов - 60 тысяч человек), протестующих против сокращения бюджетных расходов на социальную сферу. Молодые люди в масках начали бросать в полицейских камни и бутылки с горючей смесью и крушить автобусные остановки. Забастовка и митинг стали первыми массовыми выступлениями профсоюзных организаций в 2011 году. В Афинах задержаны 20 человек, передает Agence France-Presse. Греция находится в тяжелом финансовом положении, и правительство Георгиоса Папандреу вынуждено идти на сокращение многих бюджетных расходов и повышение налогов. Правительственные меры привели к нескольким крупным забастовкам осенью 2010 года, многие из которых перешли в столкновения участников митингов с полицией. В ходе беспорядков тогда погибли 3 человека. 24-часовая забастовка в Греции привела к частичной остановке общественного транспорта в городах и к отмене более чем сотни авиарейсов.",14.0,0
44,мера,"Хорватская полиция с вечера 17 сентября перекрыла движение на всех дорогах, ведущих к семи пограничным переходам с Сербией. Об этом сообщает Reuters. «Эта мера действует до особого уведомления», — говорится в официальном заявлении полиции. Днем 17 сентября министр внутренних дел Хорватии Ранко Остоич (Ranko Ostojic) пообещал совсем закрыть границу с Сербией, если приток мигрантов достигнет 8 тысяч человек в день. «У Хорватии нет возможности принимать новых мигрантов», — заявил он. После закрытия Венгрией южной границы миграционный поток, идущий через эту страну в Евросоюз, был перенаправлен, и миграционное давление увеличилось на Хорватию, Словению и Румынию. Полиция Венгрии заявила о задержании 200 мигрантов после перехода границы из соседней Хорватии. Президент Хорватии  Колинда Грабар-Китарович привела армию в боевую готовность, чтобы защитить границы от нелегальных мигрантов. На 23 сентября намечен экстренный саммит Европейского союза. На нем планируется рассмотреть вопрос преодоления иммиграционного кризиса. Из-за нестабильной ситуации в странах Африки и Ближнего Востока в европейские государства прибывает все большее число мигрантов. По плану Еврокомиссии беженцы должны распределяться по странам ЕС пропорционально их населению, экономике, уровню жизни и другим факторам. Например, Франции необходимо будет разместить 14,7 процента беженцев, Германии — 18,42 процента. Всего государства Евросоюза договорились принять у себя 32 тысячи мигрантов в течение двух лет. Однако Германия, самая популярная у мигрантов страна ЕС, ожидает до конца года получить 800 тысяч заявок на предоставление статуса беженца.",2.0,0
45,мера,"В Москве с 1 октября подорожает вывоз мусора, сообщает ""Эхо Москвы"". Такое решение приняла Мосгордума. Ставки оплаты составят 7 рублей 70 копеек с человека в месяц, что на полтора рубля больше ныне действующих тарифов. Однако, как заявил первый заместитель руководителя департамента экономической политики и развития Москвы Валерий Жаров, даже такое повышение не покроет всех затрат по вывозу мусора в полной мере.",2.0,0
46,мера,"В ближайшее время в Москве закроют подъезд любого транспорта, кроме общественного, к нескольким станциям метро, пишет в среду ""ГАЗЕТА.GZT.RU"". Уже сейчас ограничен доступ частного автотранспорта к станции метро ""Тушинская"", а вскоре такие же меры будут приняты возле станций ""Планерная"" и ""Речной вокзал"". По мнению чиновников, пространство около этих станций заполнено припаркованными частными автомобилями, которые мешают подъезду пригородных рейсовых автобусов. Чтобы решить эту проблему, в дальнейшем в районе этих станций будут построены транспортно-пересадочные узлы. Это будут здания из нескольких этажей над и под землей, своеобразные мини-вокзалы, где будут не только билетные кассы и турникеты для прохода пассажиров к автобусам, но предприятия торговли и сервиса. Под землей планируется расположить ""перехватывающие"" парковки для приехавших в Москву автолюбителей - как обещают чиновники, бесплатные. Жители соседних домов также сумеют воспользоваться этими парковками для ночного хранения своих машин. План устройства таких парковок принят в июле 2005 года на заседании столичного правительства. Строительство транспортно-пересадочных узлов планируется завершить к 2007 году. Возведение первого из них - на месте стоянки общегородского транспорта около метро ""Планерная"" - начнется осенью 2005 года.",2.0,0
47,мера,"Ученые выяснили, что закрытые окна и включенный кондиционер при нахождении в пробке максимально усиливает воздействие токсичных химических веществ на здоровье автомобилиста. Об этом сообщается в журнале Environmental Science: Processes & Impacts. Исследователи обнаружили, что высокая концентрация токсичных веществ обеспечивается благодаря тому, что воздух за пределами машины гораздо грязнее, чем внутри. Включенный кондиционер засасывает токсичные соединения внутрь. Кроме того, при остановке машин на красный свет, они проходят сквозь различные ездовые циклы — холостой ход, разгон и снижение скорости. Одновременно на светофоре скапливаются другие автомобили, выбрасывающие новые токсичные соединения. В результате в воздухе накапливаются вредные вещества, которые очень медленно развеиваются. «Если это возможно, держите окна закрытыми и не включайте кондиционер. Также увеличивайте расстояние между вами и машиной, которая стоит перед вами», — рекомендует ведущий автор исследования Прашант Кумар (Prashant Kumar). Эти меры снизят контакты с ядовитыми газами на 76 процентов. Всего в Европе (по данным Всемирной организации здравоохранения) только в 2012 году от загрязнения воздуха погибло более 400 тысяч человек. По подсчетам ученых, водители, остановившиеся в заторах, подвергаются в 29 раз более интенсивному воздействию загрязняющих веществ, чем те, кто едет по дорогам, даже с небольшой скоростью. ",2.0,0
48,мера,"Росаэронавигация намерена с 1 ноября увеличить сборы с российских авиакомпаний в 1,9 раза. Зарубежные перевозчики станут платить больше с 1 января 2007 года, однако точный размер тарифа еще не утвержден. Цены на авиабилеты от этой меры вырастут на 60-70 рублей. Такое мнение высказал глава Росаэронавигации Александр Нерадько. Об этом сообщает ""РБК Daily"". Сборы ведомства пойдут на внедрение нововведений в аэронавигации и увеличению безопасности полетов. По словам Александра Нерадько, реализация специальной программы потребует около 280 миллиардов рублей – 156 миллиардов на модернизацию наземного сегмента, а остальные средства – на оснащение самолетов современным оборудованием. Нерадько также обратил внимание, что новые системы позволят авиакомпаниям в будущем экономить топливо. Он заявил, что после внедрения современного оборудования посадка самолета  аэропорту будет занимать на 15 минут меньше, что позволит сократить затраты на рейс. Об этом сообщает ""Время новостей"". Программа инвестиций в аэронавигацию предполагает три этапа – до 2008, до 2015 и до 2025 года. По словам Нерадько, только к последнему сроку российская система полностью интегрируется в мировую. Росаэронавигация в сентябре 2006 года объявила борьбу с теми авиакомпаниями, которые не платят за обслуживания. В итоге федеральное агентство прекратило обслуживание чартерных рейсов четырех перевозчиков и пообещала сделать то же самое и с регулярными рейсами.",2.0,0
49,хвост,"Ярославская строительная компания ищет кошек на должность прораба-обживателя с зарплатой в 15 тысяч рублей. Вакансия была размещена на портале SuperJob. «Работа предстоит несложная и непыльная, ежемесячно придется обживать 30 построенных домов для счастливых жителей Архангельска, обладателей новеньких коттеджей и таунхаусов», — отмечается в объявлении. В качестве кандидатов будут рассматриваться только архангельские коты весом не более 15 килограммов. Животное должно быть здоровым, ухоженным и не иметь вредных привычек. Со своей стороны работодатель обещает комфортные условия для проживания, ежегодный оплачиваемый отпуск, полный соцпакет, бесплатное молоко и свежий кошачий корм. В августе аналогичная вакансия была открыта в Нижнем Новгороде. Там котам обещали оклад в 20 тысяч рублей в месяц. Обязательным условием для трудоустройства являлось наличие усов, четырех лап и хвоста.",6.0,0
50,хвост,"Мировой суд Тверского района Москвы на трое суток поместил под арест студента МГИМО Сурхо Тарамова, который в ночь на 12 октября подъехал на машине к могиле Неизвестного солдата. Об этом 15 октября сообщает РИА Новости. Арест является наказанием за нарушение, предусмотренное статьей 19.3 Кодекса об административных правонарушениях (неповиновение законному распоряжению представителя власти). Ранее сообщалось, что на Тарамова также наложили штраф в сумме 4,5 тысячи рублей. Тарамов, находившийся за рулем внедорожника, въехал на территорию Александровского сада в 23:50 11 октября. Сотрудники милиции пытались остановить автомобиль, но им это не удалось. Внедорожник пришлось некоторое время преследовать. Остановили его лишь на Цветном бульваре. Выяснилось, что помимо Тарамова в машине находились 20-летний москвич, 18-летняя жительница Химок и 17-летняя приезжая из Саранска. 13 октября на сайте МГИМО появилось сообщение, в котором говорилось, что Тарамову еще 8 октября было направлено уведомление об отчислении из вуза за неуспеваемость. Также в сообщении отмечалось: ""Поступок С.С. Тарамова заслуживает, безусловно, нравственной оценки: общественное мнение МГИМО(У) возмущено его поведением и не допускает иного толкования этого инцидента"". Однако позднее заместитель ректора МГИМО Валерий Воробьев сказал корреспонденту газеты ""Московский комсомолец"", что у Тарамова остается шанс восстановиться в вузе. По словам Воробьева, для этого молодому человеку нужно лишь ликвидировать все накопившиеся ""хвосты"". Как стало известно журналистам, отец Сурхо Тарамова - бизнесмен из Чечни Супьян Тарамов. Он владеет крупным пивзаводом и занимается строительным бизнесом. Во время второй чеченской кампании Тарамов-старший возглавлял народное ополчение в Веденском районе Чечни, выступая на стороне федеральных войск.",6.0,0
51,хвост,"Коди Смит-Макфи выбран на роль Ночного Змея в блокбастере «Люди Икс: Апокалипсис», сообщает Variety. Ранее стало известно, что главные роли в новой серии франшизы сыграют Майкл Фассбендер, Дженнифер Лоуренс и Николас Холт. «С радостью приветствую Коди Смита-Макфи в составе ""Людей Икс: Апокалипсис"". Он сыграет молодого Ночного Змея», — объявил в своем Instagram режиссер Брайан Сингер. Ночной Змей — мутант немецкого происхождения, обладающий сверхчеловеческой ловкостью и способностью к телепортации. Его физическая мутация включает синюю кожу, трехпалые руки и ноги, желтые глаза и подвижный хвост. Кроме того, персонаж, исповедующий католичество, известен своей набожностью. Он уже появлялся на экранах в «Людях Икс 2», где его сыграл Алан Камминг. Действие «Людей Икс: Апокалипсис» разворачивается в 1980-х. Актеры Патрик Стюарт и Иэн Маккеллен, играющие во франшизе пожилых профессора Ксавьера и Магнето соответственно, в картине не появятся. Премьера ленты назначена на 27 мая 2016 года. Смит-Макфи известен ролями в «Дороге», «Впусти меня» и блокбастере «Планета обезьян: Революция». В 2015 году 18-летний актер также появится на экранах в вестерне «Медленный запад» и сериале «Галлиполи».",6.0,0
52,хвост,"По итогам первой сессии дети, получившие высокий балл на ЕГЭ, оказались успешнее своих сокурсников, поступивших в вузы по итогам профильных олимпиад. Такой вывод был сделан экспертами Рособрнадзора. Подробнее о результатах проведенного ведомством мониторинга ""Российской газете"" рассказала его руководитель Любовь Глебова. Сотрудники Рособрнадзора анализировали результаты студентов, поступивших летом 2009 года в РГУ нефти и газа имени Губкина, РГГУ, Удмуртский госуниверситет, Московскую медицинскую академию имени Сеченова, Академию народного хозяйства при правительстве РФ, Кубанскую и Ростовскую медицинские госакадемии, Финансовую академию при правительстве РФ, Высшую школу экономики и МГУ имени Ломоносова. В общей сложности по итогам первой сессии из этих вузов было отчислено около 350 человек. Из 334 человек, имеющих задолженности, 250 - это олимпиадники и только 129 - ""высокобалльники"" по итогам ЕГЭ (Глебова не уточнила, сколько всего студентов имеют ""хвосты""). По словам Глебовой, среди отчисленных не очень много детей, получивших высокие баллы на ЕГЭ - многие критики отмечали, что этот экзамен необъективно оценивает знания выпускников. Руководитель Рособрнадзора подчеркнула, что средний балл студентов по итогам сессии примерно соответствует количеству баллов, набранных на ЕГЭ (после пересчета из стобалльной системы в пятибалльную). С другой стороны, эксперты установили, что студенты из регионов с подозрительно высокими результатами ЕГЭ вылетают из вузов чаще других. К таким регионам относятся, например, Карачаево-Черкесия и Кабардино-Балкария. Единый государственный экзамен стал обязательным для всех российских школьников с 1 января 2009 года. Именно на основе полученных на нем баллов вузы страны набирают студентов. Однако сохранился и другой способ поступления в институты и университеты - олимпиады по профильным предметам. Их победители освобождаются от необходимости предоставлять в вузы результаты ЕГЭ.",6.0,0
53,хвост,"В пятницу, 17 октября, главе российского правительства Владимиру Путину подарили собачий ошейник с навигатором системы ГЛОНАСС, сообщает ""Интерфакс"". Премьер-министр надел ошейник на своего лабрадора по кличке Кони. Ошейник с навигатором принес на совещание к главе правительства вице-премьер Сергей Иванов, курирующий вопросы развития системы ГЛОНАСС. Иванов напомнил, что еще минувшим летом обещал подарить ошейник для Кони. ""Справедливости ради надо сказать, что он был для этого готов. У нас просто не было возможности встретиться с вами и Кони и сделать этот подарок"", - пояснил вице-премьер Путину. Сообщается, что ошейник с навигатором весит всего 170 граммов. Как рассказал генеральный директор - генеральный конструктор РНИИ космического приборостроения Юрий Урличич, присутствовавший на встрече, прибор представляет собой модуль ГЛОНАСС-GPS. ""Это плата, которая находится внутри. Весь остальной вес - это фактически аккумулятор"", - пояснил разработчик. По его словам, таким прибором будут снаряжаться служебные собаки в МЧС, которые ведут поиск людей в завалах. Сергей Иванов со своей стороны отметил, что ""ноу-хау"" этого прибора заключается в том, что ""когда собака на месте, не двигается, допустим, легла, извините, в лужу где-нибудь в лесу, тогда батарейка не работает, то есть происходит экономия энергии"". ""Но у меня собака не поросенок, она в лужу не ложится"", - ответил Путин. Разработчики прибора разъяснили, что в ошейнике есть специальный датчик движения, который отключает навигационную систему для экономии энергии. Премьер-министру продемонстрировали, как при помощи устройства фиксировалась небольшая прогулка собаки на лужайке перед домом. На замечание Иванова о том, что Кони, оказавшись в ошейнике, ""загрустила"", Путин заметил: ""Ей нравится. Хвостом бьет, значит - нравится"". Первый советский спутник ГЛОНАСС (Глобальная Навигационная Спутниковая Система) был выведен на орбиту в 1982 году. В 1993 году система была официально принята в эксплуатацию. В 1995 году спутниковая система состояла из 24 космических аппаратов. Сейчас на орбите присутствуют 14 действующих навигационных спутников. Ожидается, что до конца 2011 года численность орбитальной группировки будет увеличена до 30 космических аппаратов.",6.0,0
54,хвост,"Следующая публикация секретных документов на скандальном сайте WikiLeaks будет касаться всех актуальных проблем всех стран мира. С таким заявлением 28 ноября выступил основатель ресурса Джулиан Ассанж, сообщает Agence France-Presse. Ассанж отвечал на вопросы иорданских журналистов по видеосвязи. Где он находился во время интервью, неизвестно; основатель WikiLeaks сказал лишь, что ""Иордания не лучшее место, чтобы находиться, когда ЦРУ сидит у тебя на хвосте"". По словам Ассанжа, грядущая публикация станет своеобразной дипломатической историей США и будет состоять примерно из 250 тысяч документов. Ожидается, что материалы на сайт могут выложить уже в воскресенье, 28 ноября. Как сообщалось ранее, США уже предупредили своих международных партнеров о том, что секретная дипломатическая переписка с ними может быть обнародована. В СМИ уже высказывались предположения относительного содержания нового ""слива"". Так, в документах может говориться об участии турок в иракской войне на стороне ""Аль-Каеды"" и о поддержке Курдской рабочей партии со стороны США. Российские СМИ писали, что в конфиденциальной переписке содержатся оценки политической ситуации в России и ""нелицеприятные характеристики"" ряда российских лидеров. По данным газеты The Sunday Times, в текстах могут содержаться и антиисламские высказывания дипломатов США и Великобритании. Известно, что часть документов касается Франции. Ранее Ассанж обещал, что благодаря его разоблачениям произойдет ""переосмысление мировой истории"".",8.0,0
55,хвост,"Интернет-пользователи из России составили за последний месяц 42,5 процентов от общего числа посетителей сайта французского сатирического журнала Сharlie Hebdo. Об этом в среду, 18 ноября, сообщает  РИА Новости ссылкой на данные портала Alexa Traffic Ranks. Согласно статистическим данным, французская аудитория журнала составила 15,9 процента, на долю читателей из США приходится 3,7 процента. Отмечается, что больше всего запросов по ключевым словам Сharlie Hebdo было сделано в поисковиках Google.com, Google.fr и Yandex.ru. 12 ноября еженедельник Charlie Hebdo поместил на обложку новую карикатуру на крушение российского самолета Airbus A321 над Синайским полуостровом. На ней изображен пикирующий самолет, в хвост которого, напоминающий анус, влетает ракета. Картинка сопровождается подписью «Крушение над Синаем. Наконец-то порно!». Две предыдущие карикатуры на гибель самолета «Когалымавиа» были опубликованы Charlie Hebdo в начале ноября в рубрике «Обложки, которых вы избежали». На первой картинке был изображен человек с бородой и автоматом, уклоняющийся от падающих с неба обломков и тел жертв. Картинка сопровождалась надписью «Исламское государство. Россия усилила бомбардировки». Вторая карикатура под названием «Опасности российских лоукостеров» изображала череп с глазным яблоком в сломанных солнцезащитных очках на фоне обломков разбившегося лайнера и разбросанных останков. Карикатуры вызвали критику со стороны российских политиков и общественников. Пресс-секретарь президента России Дмитрий Песков назвал их кощунством, а омбудсмен по правам ребенка Павел Астахов — аморальным глумливым извращением.",8.0,0
56,хвост,"По последним данным в результате железнодорожной катастрофы в Турции, произошедшей вечером в четверг, погибли 139 человек. Еще 57 человек получили ранения различной степени тяжести, сообщил представитель министерства здравоохранения Турции. Высокоскоростной пассажирский поезд следовал в четверг из Стамбула в Анкару. Примерно в 19:45 по местному времени в районе города Памукова (Pamukova) в провинции Сакарья (Sakarya) четыре вагона поезда сошли с рельс и перевернулись. В поезде ехали 234 пассажира и еще девять членов поездной бригады. Причина крушения поезда неизвестна, сообщает Reuters. Официальные лица считают, что авария могла произойти вследствие технических неисправностей. По мнению представителей железнодорожного агентства Турции, первым из колеи выбился один из вагонов в хвосте поезда, утащив за собой другие. По их словам, на участке в районе Памукова поезд двигался со скоростью не выше 75-80 километров в час, поэтому превышение скорости не могло быть причиной аварии. Новый поезд был запущен в эксплуатацию четвертого июня. Однако еще до ввода в строй подобных высокоскоростных поездов проект подвергался критике за недостаточную подготовленность устаревающей железнодорожной инфраструктуры Турции.",8.0,1
57,хвост,"В сети обратили внимание на ролик с поджигающим лондонский автобус мигрантом-мусульманином. Ролик опубликован в Twitter-аккаунте пользователя с ником ASJBaloch. На видео молодой человек сидит в хвосте автобуса, замечает лежащие на сидении скомканные газетные листы и решает поджечь их. После того, как бумага загорелась, он выходит из транспортного средства. «Луишем, Лондон. Мигрант поджигает автобус и уходит», — говорится под публикацией. В комментариях под роликом зрители возмутились поведением мигранта, отметив, что беженцам-мусульманам нет места в Великобритании. «Сначала они *** (потеряли) свою страну, теперь приехали сюда и вытворяют то же самое», — отметил один из них. «Они не хотят ассимилироваться. Они слепо верят Корану и хотят уничтожить нас», — заявил другой. В то же время, сотрудники издания Mashable выяснили, что ролик — фейк. По их словам, видео было склеено из двух разных записей, снятых на камеры в 2015 и 2016 годах. Так, в 2015 году поджигателем оказался 15-летний подросток восточной внешности, который действительно поджег пачку газет и сбежал из автобуса. В 2016 году жители Лондона долгое время наблюдали за горящим автобусом: виновником оказался 13-летний школьник, который позже добровольно признался в преступлении.",8.0,1